{
  "version": 2,
  "builds": [
    {
      "src": "api/index.js",
      "use": "@vercel/node"
    },
    { "src": "index.html", "use": "@vercel/static" },
    { "src": "app.html", "use": "@vercel/static" },
    { "src": "admin.html", "use": "@vercel/static" },
    { "src": "auth.js", "use": "@vercel/static" },
    { "src": "script.js", "use": "@vercel/static" },
    { "src": "admin.js", "use": "@vercel/static" },
    { "src": "style.css", "use": "@vercel/static" }
  ],
  "routes": [
    {
      "src": "/api/(.*)",
      "dest": "api/index.js"
    },
    {
      "src": "/app.html",
      "dest": "/app.html"
    },
    {
      "src": "/admin.html",
      "dest": "/admin.html"
    },
    {
      "src": "/(.*\\.(js|css|ico|png|jpg|jpeg|svg))",
      "dest": "/$1"
    },
    {
      "src": "/(.*)",
      "dest": "/index.html"
    }
  ]
}
